{"cameraMode":{"drawMode":0,"name":"Shaded","section":"Shading Mode"},"sceneLighting":false,"audioPlay":false,"sceneViewState":{"showFog":true,"showMaterialUpdate":false,"showSkybox":false,"showFlares":true,"showImageEffects":true,"showParticleSystems":true},"in2DMode":false,"pivot":{"x":2.635000228881836,"y":1.679999828338623,"z":0.5786265730857849},"rotation":{"x":-0.17423085868358613,"y":0.6418476104736328,"z":-0.1529950648546219,"w":-0.7309362888336182},"size":10.685327529907227,"orthographic":false}