{"cameraMode":{"drawMode":0,"name":"Shaded","section":"Shading Mode"},"sceneLighting":false,"audioPlay":false,"sceneViewState":{"showFog":true,"showMaterialUpdate":false,"showSkybox":false,"showFlares":true,"showImageEffects":true,"showParticleSystems":true},"in2DMode":false,"pivot":{"x":-14.8100004196167,"y":13.539999961853028,"z":9.640000343322754},"rotation":{"x":0.03722883760929108,"y":0.6318160891532898,"z":0.030259573832154275,"w":-0.773632287979126},"size":0.00011447060387581587,"orthographic":false}