{"cameraMode":{"drawMode":0,"name":"Shaded","section":"Shading Mode"},"sceneLighting":false,"audioPlay":false,"sceneViewState":{"showFog":true,"showMaterialUpdate":false,"showSkybox":false,"showFlares":true,"showImageEffects":true,"showParticleSystems":true},"in2DMode":false,"pivot":{"x":0.0,"y":1.7380000352859498,"z":0.041999995708465579},"rotation":{"x":0.38916030526161196,"y":-0.3139209747314453,"z":0.14298084378242494,"w":0.8541454076766968},"size":2.8578834533691408,"orthographic":false}