{"cameraMode":{"drawMode":0,"name":"Shaded","section":"Shading Mode"},"sceneLighting":true,"audioPlay":false,"sceneViewState":{"showFog":true,"showMaterialUpdate":false,"showSkybox":false,"showFlares":true,"showImageEffects":true,"showParticleSystems":true},"in2DMode":false,"pivot":{"x":1.223681926727295,"y":11.51127815246582,"z":-4.538860321044922},"rotation":{"x":-0.14489230513572694,"y":0.35655510425567629,"z":-0.056080810725688937,"w":-0.921265184879303},"size":21.933691024780275,"orthographic":false}