{"cameraMode":{"drawMode":0,"name":"Shaded","section":"Shading Mode"},"sceneLighting":false,"audioPlay":false,"sceneViewState":{"showFog":true,"showMaterialUpdate":false,"showSkybox":false,"showFlares":true,"showImageEffects":true,"showParticleSystems":true},"in2DMode":false,"pivot":{"x":17.943527221679689,"y":2.185206890106201,"z":-23.122535705566408},"rotation":{"x":-0.1862446814775467,"y":0.6931514143943787,"z":-0.1929551064968109,"w":-0.6690459251403809},"size":2.4988815784454347,"orthographic":false}