{"cameraMode":{"drawMode":0,"name":"Shaded","section":"Shading Mode"},"sceneLighting":true,"audioPlay":false,"sceneViewState":{"showFog":true,"showMaterialUpdate":false,"showSkybox":false,"showFlares":true,"showImageEffects":true,"showParticleSystems":true},"in2DMode":false,"pivot":{"x":-0.009000003337860108,"y":4.778501033782959,"z":0.6780002117156982},"rotation":{"x":-0.04332315921783447,"y":0.8136014938354492,"z":-0.06113390997052193,"w":-0.5765748023986816},"size":16.1168155670166,"orthographic":false}