{"cameraMode":{"drawMode":0,"name":"Shaded","section":"Shading Mode"},"sceneLighting":false,"audioPlay":false,"sceneViewState":{"showFog":true,"showMaterialUpdate":false,"showSkybox":false,"showFlares":true,"showImageEffects":true,"showParticleSystems":true},"in2DMode":false,"pivot":{"x":3.480161428451538,"y":5.956265926361084,"z":0.9837659597396851},"rotation":{"x":-0.1841200888156891,"y":-0.8088025450706482,"z":0.3310420513153076,"w":-0.4498327374458313},"size":20.234546661376954,"orthographic":false}