{"cameraMode":{"drawMode":0,"name":"Shaded","section":"Shading Mode"},"sceneLighting":true,"audioPlay":false,"sceneViewState":{"showFog":true,"showMaterialUpdate":false,"showSkybox":true,"showFlares":true,"showImageEffects":true,"showParticleSystems":true},"in2DMode":false,"pivot":{"x":2.8494715690612795,"y":6.075711727142334,"z":12.212329864501954},"rotation":{"x":-0.11524946987628937,"y":-0.0021679846104234459,"z":0.00012163513019913808,"w":-0.9933342337608337},"size":13.591757774353028,"orthographic":false}